{"filename": "TSP_12.json", "N": 12, "nodes": [[1, 65.43321776803768, -171.26637489808923], [2, 84.12128859617349, 137.44324344063398], [3, -63.85191324108325, -169.45298294790732], [4, 35.446412216024214, -51.37284364795204], [5, 78.06015689074246, -88.3586496379836], [6, -42.067668298662916, -94.67578809932817], [7, -42.493938951289465, -67.12235817381837], [8, -80.3057404834928, 102.60561663470935], [9, 35.67525147405368, 164.21927262750626], [10, 79.89982125101037, -79.48652319600826], [11, 25.602701822549378, -56.78784535547834], [12, -84.33332314706448, -171.36202357649393]], "solutions": {"brute_force": {"sequence": [1, 4, 0, 3, 8, 10, 5, 6, 2, 7, 11, 9], "fitness": 129231506.02467158, "gap": 0.18595956790601634, "type": "exact", "time_min": 5.278998107016667}}}