{"filename": "TSP_25.json", "N": 25, "nodes": [[1, -82.49452325054935, 166.83856433077688], [2, 22.944350100754363, 80.41968484418612], [3, 89.66922459493355, -105.84579557787875], [4, 49.444044651165456, 171.86018948011247], [5, -41.85852345204637, -88.40147615918312], [6, 48.25088611096402, 23.188773100958997], [7, 56.38000150941113, 137.35623044225287], [8, 61.91087079317228, -3.336086272856164], [9, -75.8868713707347, 111.63428319332633], [10, 10.582024099084663, -170.09519126717996], [11, -67.96530840981492, 136.99102527648597], [12, 42.81596428835812, 173.53316191880162], [13, 5.98480962457775, 27.677119036099356], [14, -31.262569831590582, -56.07497775434689], [15, 35.938466163177225, 75.1563335788276], [16, -5.443217237262985, -135.02053885977497], [17, -55.608977368862654, -33.20607938117158], [18, 33.85716412810808, 2.0703450660711553], [19, -49.550782957651684, 102.73865375011314], [20, 45.39413081647075, -173.4176308439706], [21, 64.17348502107254, -89.1430304264362], [22, 82.59501245070808, -138.4877944440708], [23, 36.55099707591799, 84.62044567563925], [24, 61.95517571185789, 105.73989157666404], [25, -75.9848386065054, 25.81235476519862]], "solutions": {"brute_force": {"sequence": [0, 1, 2, 3, 4, 5, 6, 7, 8, 9, 10, 11, 12, 13, 16, 18, 15, 17, 14, 22, 19, 23, 20, 21, 24], "fitness": 765664603.4536643, "gap": 0.7478935497012954, "type": "exact", "time_min": 1.6238955789}}}