{"filename": "TSP_11.json", "N": 11, "nodes": [[1, -48.09739360472845, 31.693281408410314], [2, -58.48751553797284, 83.8889860662033], [3, -45.97326057999564, -74.53345424913242], [4, 9.517045588406575, -20.119163532392747], [5, -57.69037588749267, 96.48878752042543], [6, 79.48060579296728, -76.42507074859782], [7, 74.43428075915372, 2.8867092793090876], [8, -0.08977454047911237, -23.77109380378755], [9, -49.01218588566922, -18.455695419511585], [10, 6.522501415089636, 177.48868179398846], [11, 39.81580530161335, 96.57274477429081]], "solutions": {"brute_force": {"sequence": [4, 8, 0, 2, 7, 9, 3, 10, 6, 5, 1], "fitness": 106726750.80187412, "gap": 0.23423188323381808, "type": "exact", "best_time": 1.7956194248000001, "total_time": 1.795619453316667}}, "optimal": true}