{"filename": "TSP_15.json", "N": 15, "nodes": [[1, -79.8791646217484, 112.03151108383145], [2, 88.09025346430204, 60.601402918269514], [3, -56.140900409726, -118.49520550947327], [4, -78.12933696366996, 178.72329495335418], [5, -81.49371529227236, -93.63631091814635], [6, 42.900742615079395, 64.82480368291107], [7, 28.53235305551415, -7.591745655493725], [8, 8.098746191343551, 149.08477928757156], [9, -20.94758178119821, -102.94372234671467], [10, 19.78905788376919, -16.592749476465144], [11, -45.74327554754713, -141.3366430551902], [12, -87.36940877652692, -102.10915087446575], [13, 64.95270403766094, -59.54462454279404], [14, 21.815010289041794, 151.74970182982258], [15, -14.29665836089005, -101.4353874152788]], "solutions": {"brute_force": {"sequence": [0, 1, 2, 3, 4, 10, 8, 14, 7, 9, 13, 6, 5, 12, 11], "fitness": 359417101.00694174, "gap": 0.5071367585546773, "type": "exact", "time_min": 0.24409542568333334}}}