{"filename": "TSP_10.json", "N": 10, "nodes": [[1, -24.6281365602251, 167.84309672438388], [2, -36.9210456758597, 123.16621670923996], [3, -14.728074528120345, 67.85080218146612], [4, 86.22404600167818, -8.418312524749325], [5, -83.47330794553147, 126.34006026629112], [6, -4.227198487151824, 119.4320974760816], [7, -7.415849787619123, -98.46954639400097], [8, -40.261755588612964, 52.760389261324406], [9, 22.924302319355974, -161.1133966772751], [10, 44.451857580276936, 68.96738997752442]], "solutions": {"brute_force": {"sequence": [9, 8, 5, 6, 2, 0, 1, 7, 4, 3], "fitness": 152538023.48921052, "gap": 0.34585784892514787, "type": "exact", "best_time": 0.3478246037666667, "total_time": 0.34782462420000004}}, "optimal": true}